higher_disease,lower_disease,source
1,2,NCI_Thesaurus
1,3,NCI_Thesaurus
1,4,NCI_Thesaurus
1,5,NCI_Thesaurus
1,6,NCI_Thesaurus
1,7,NCI_Thesaurus
1,8,NCI_Thesaurus
1,9,NCI_Thesaurus
1,10,NCI_Thesaurus
1,11,NCI_Thesaurus
1,12,NCI_Thesaurus
12,13,NCI_Thesaurus
12,14,NCI_Thesaurus
1,15,NCI_Thesaurus
1,16,NCI_Thesaurus
1,17,NCI_Thesaurus
17,18,NCI_Thesaurus
17,19,NCI_Thesaurus
17,20,NCI_Thesaurus
17,21,NCI_Thesaurus
17,22,NCI_Thesaurus
17,23,NCI_Thesaurus
17,24,NCI_Thesaurus
17,25,NCI_Thesaurus
1,26,NCI_Thesaurus
1,27,NCI_Thesaurus
1,28,NCI_Thesaurus
1,29,NCI_Thesaurus
1,30,NCI_Thesaurus
30,31,NCI_Thesaurus
30,32,NCI_Thesaurus
30,33,NCI_Thesaurus
30,34,NCI_Thesaurus
34,35,NCI_Thesaurus
1,36,NCI_Thesaurus
36,37,NCI_Thesaurus
36,38,NCI_Thesaurus
36,39,NCI_Thesaurus
36,40,NCI_Thesaurus
36,41,NCI_Thesaurus
1,42,NCI_Thesaurus
1,43,NCI_Thesaurus
1,44,NCI_Thesaurus
44,45,NCI_Thesaurus
44,46,NCI_Thesaurus
1,47,NCI_Thesaurus
47,48,NCI_Thesaurus
47,49,NCI_Thesaurus
1,50,NCI_Thesaurus
50,51,NCI_Thesaurus
50,52,NCI_Thesaurus
1,53,NCI_Thesaurus
1,54,NCI_Thesaurus
1,55,NCI_Thesaurus
55,56,NCI_Thesaurus
1,57,NCI_Thesaurus
1,58,NCI_Thesaurus
1,59,NCI_Thesaurus
1,60,NCI_Thesaurus
60,61,NCI_Thesaurus
60,62,NCI_Thesaurus
60,63,NCI_Thesaurus
60,64,NCI_Thesaurus
60,65,NCI_Thesaurus
60,66,NCI_Thesaurus
1,67,NCI_Thesaurus
1,68,NCI_Thesaurus
1,69,NCI_Thesaurus
69,70,NCI_Thesaurus
69,71,NCI_Thesaurus
1,72,NCI_Thesaurus
1,73,NCI_Thesaurus
1,74,NCI_Thesaurus
74,75,NCI_Thesaurus
1,76,NCI_Thesaurus
1,77,NCI_Thesaurus
1,78,NCI_Thesaurus
1,79,NCI_Thesaurus
1,80,NCI_Thesaurus
1,81,NCI_Thesaurus
1,82,NCI_Thesaurus
82,83,NCI_Thesaurus
82,84,NCI_Thesaurus
1,85,NCI_Thesaurus
1,86,NCI_Thesaurus
1,87,NCI_Thesaurus
1,88,NCI_Thesaurus
1,89,NCI_Thesaurus
1,90,NCI_Thesaurus
1,91,NCI_Thesaurus
1,92,NCI_Thesaurus
1,93,NCI_Thesaurus
1,94,NCI_Thesaurus
94,95,NCI_Thesaurus
94,96,NCI_Thesaurus
94,97,NCI_Thesaurus
1,98,NCI_Thesaurus
98,99,NCI_Thesaurus
98,100,NCI_Thesaurus
1,101,NCI_Thesaurus
1,102,NCI_Thesaurus
1,103,NCI_Thesaurus
1,104,NCI_Thesaurus
104,105,NCI_Thesaurus
104,106,NCI_Thesaurus
104,107,NCI_Thesaurus
104,108,NCI_Thesaurus
108,109,NCI_Thesaurus
108,110,NCI_Thesaurus
104,111,NCI_Thesaurus
104,112,NCI_Thesaurus
104,113,NCI_Thesaurus
104,114,NCI_Thesaurus
114,115,NCI_Thesaurus
104,116,NCI_Thesaurus
104,117,NCI_Thesaurus
104,118,NCI_Thesaurus
104,119,NCI_Thesaurus
104,120,NCI_Thesaurus
1,121,NCI_Thesaurus
121,33,NCI_Thesaurus
121,122,NCI_Thesaurus
121,123,NCI_Thesaurus
121,124,NCI_Thesaurus
124,125,NCI_Thesaurus
124,126,NCI_Thesaurus
1,127,NCI_Thesaurus
1,128,NCI_Thesaurus
1,129,NCI_Thesaurus
1,130,NCI_Thesaurus
130,131,NCI_Thesaurus
130,132,NCI_Thesaurus
1,133,NCI_Thesaurus
133,134,NCI_Thesaurus
1,135,NCI_Thesaurus
1,136,NCI_Thesaurus
1,137,NCI_Thesaurus
1,138,NCI_Thesaurus
1,139,NCI_Thesaurus
1,140,NCI_Thesaurus
1,141,NCI_Thesaurus
1,142,NCI_Thesaurus
1,143,NCI_Thesaurus
1,144,NCI_Thesaurus
144,145,NCI_Thesaurus
146,147,NCI_Thesaurus
147,148,NCI_Thesaurus
146,149,NCI_Thesaurus
149,150,NCI_Thesaurus
146,151,NCI_Thesaurus
146,152,NCI_Thesaurus
146,153,NCI_Thesaurus
153,154,NCI_Thesaurus
154,155,NCI_Thesaurus
154,156,NCI_Thesaurus
154,157,NCI_Thesaurus
154,158,NCI_Thesaurus
154,159,NCI_Thesaurus
154,160,NCI_Thesaurus
154,161,NCI_Thesaurus
153,162,NCI_Thesaurus
162,163,NCI_Thesaurus
163,160,NCI_Thesaurus
162,164,NCI_Thesaurus
164,161,NCI_Thesaurus
162,165,NCI_Thesaurus
165,155,NCI_Thesaurus
162,166,NCI_Thesaurus
166,156,NCI_Thesaurus
162,167,NCI_Thesaurus
167,157,NCI_Thesaurus
162,168,NCI_Thesaurus
168,158,NCI_Thesaurus
162,169,NCI_Thesaurus
169,159,NCI_Thesaurus
153,170,NCI_Thesaurus
153,171,NCI_Thesaurus
146,172,NCI_Thesaurus
146,173,NCI_Thesaurus
173,174,NCI_Thesaurus
174,175,NCI_Thesaurus
175,176,NCI_Thesaurus
175,177,NCI_Thesaurus
175,178,NCI_Thesaurus
174,179,NCI_Thesaurus
179,180,NCI_Thesaurus
179,181,NCI_Thesaurus
179,182,NCI_Thesaurus
179,183,NCI_Thesaurus
179,184,NCI_Thesaurus
174,185,NCI_Thesaurus
174,186,NCI_Thesaurus
186,187,NCI_Thesaurus
186,188,NCI_Thesaurus
174,189,NCI_Thesaurus
174,190,NCI_Thesaurus
190,191,NCI_Thesaurus
190,192,NCI_Thesaurus
190,193,NCI_Thesaurus
174,194,NCI_Thesaurus
194,195,NCI_Thesaurus
195,196,NCI_Thesaurus
195,197,NCI_Thesaurus
194,198,NCI_Thesaurus
174,199,NCI_Thesaurus
199,200,NCI_Thesaurus
200,201,NCI_Thesaurus
200,202,NCI_Thesaurus
199,203,NCI_Thesaurus
199,204,NCI_Thesaurus
174,205,NCI_Thesaurus
174,206,NCI_Thesaurus
206,207,NCI_Thesaurus
207,176,NCI_Thesaurus
207,181,NCI_Thesaurus
207,208,NCI_Thesaurus
207,209,NCI_Thesaurus
207,210,NCI_Thesaurus
207,211,NCI_Thesaurus
211,212,NCI_Thesaurus
211,213,NCI_Thesaurus
207,214,NCI_Thesaurus
207,215,NCI_Thesaurus
206,216,NCI_Thesaurus
206,217,NCI_Thesaurus
217,218,NCI_Thesaurus
217,182,NCI_Thesaurus
206,219,NCI_Thesaurus
206,220,NCI_Thesaurus
174,221,NCI_Thesaurus
221,180,NCI_Thesaurus
174,222,NCI_Thesaurus
222,223,NCI_Thesaurus
223,224,NCI_Thesaurus
223,225,NCI_Thesaurus
222,226,NCI_Thesaurus
222,227,NCI_Thesaurus
222,228,NCI_Thesaurus
222,229,NCI_Thesaurus
174,230,NCI_Thesaurus
230,231,NCI_Thesaurus
231,232,NCI_Thesaurus
231,233,NCI_Thesaurus
233,234,NCI_Thesaurus
231,235,NCI_Thesaurus
231,236,NCI_Thesaurus
231,237,NCI_Thesaurus
231,238,NCI_Thesaurus
231,239,NCI_Thesaurus
231,240,NCI_Thesaurus
231,241,NCI_Thesaurus
230,242,NCI_Thesaurus
242,235,NCI_Thesaurus
242,243,NCI_Thesaurus
230,244,NCI_Thesaurus
244,236,NCI_Thesaurus
244,245,NCI_Thesaurus
244,246,NCI_Thesaurus
230,247,NCI_Thesaurus
247,237,NCI_Thesaurus
247,248,NCI_Thesaurus
230,249,NCI_Thesaurus
249,238,NCI_Thesaurus
249,250,NCI_Thesaurus
249,251,NCI_Thesaurus
230,252,NCI_Thesaurus
252,239,NCI_Thesaurus
252,253,NCI_Thesaurus
230,254,NCI_Thesaurus
254,240,NCI_Thesaurus
254,255,NCI_Thesaurus
230,256,NCI_Thesaurus
256,241,NCI_Thesaurus
256,257,NCI_Thesaurus
230,258,NCI_Thesaurus
258,253,NCI_Thesaurus
258,255,NCI_Thesaurus
258,257,NCI_Thesaurus
258,243,NCI_Thesaurus
258,245,NCI_Thesaurus
258,248,NCI_Thesaurus
258,250,NCI_Thesaurus
230,259,NCI_Thesaurus
259,246,NCI_Thesaurus
259,251,NCI_Thesaurus
174,260,NCI_Thesaurus
174,261,NCI_Thesaurus
261,262,NCI_Thesaurus
261,263,NCI_Thesaurus
174,264,NCI_Thesaurus
264,265,NCI_Thesaurus
265,266,NCI_Thesaurus
265,267,NCI_Thesaurus
264,268,NCI_Thesaurus
268,226,NCI_Thesaurus
268,269,NCI_Thesaurus
268,270,NCI_Thesaurus
174,271,NCI_Thesaurus
271,272,NCI_Thesaurus
271,183,NCI_Thesaurus
174,273,NCI_Thesaurus
174,274,NCI_Thesaurus
174,275,NCI_Thesaurus
275,276,NCI_Thesaurus
276,277,NCI_Thesaurus
276,278,NCI_Thesaurus
275,279,NCI_Thesaurus
279,280,NCI_Thesaurus
275,281,NCI_Thesaurus
275,282,NCI_Thesaurus
275,283,NCI_Thesaurus
275,284,NCI_Thesaurus
284,285,NCI_Thesaurus
174,286,NCI_Thesaurus
286,287,NCI_Thesaurus
286,288,NCI_Thesaurus
286,289,NCI_Thesaurus
286,290,NCI_Thesaurus
286,291,NCI_Thesaurus
174,292,NCI_Thesaurus
174,293,NCI_Thesaurus
293,281,NCI_Thesaurus
174,294,NCI_Thesaurus
294,233,NCI_Thesaurus
233,234,NCI_Thesaurus
294,280,NCI_Thesaurus
174,295,NCI_Thesaurus
295,296,NCI_Thesaurus
295,297,NCI_Thesaurus
295,298,NCI_Thesaurus
295,299,NCI_Thesaurus
295,300,NCI_Thesaurus
295,228,NCI_Thesaurus
295,301,NCI_Thesaurus
295,302,NCI_Thesaurus
295,303,NCI_Thesaurus
295,304,NCI_Thesaurus
174,305,NCI_Thesaurus
174,306,NCI_Thesaurus
306,195,NCI_Thesaurus
195,196,NCI_Thesaurus
195,197,NCI_Thesaurus
306,244,NCI_Thesaurus
244,236,NCI_Thesaurus
244,245,NCI_Thesaurus
244,246,NCI_Thesaurus
306,267,NCI_Thesaurus
306,301,NCI_Thesaurus
306,210,NCI_Thesaurus
306,283,NCI_Thesaurus
306,307,NCI_Thesaurus
306,308,NCI_Thesaurus
174,309,NCI_Thesaurus
309,229,NCI_Thesaurus
309,262,NCI_Thesaurus
309,310,NCI_Thesaurus
309,307,NCI_Thesaurus
309,311,NCI_Thesaurus
311,312,NCI_Thesaurus
311,313,NCI_Thesaurus
174,314,NCI_Thesaurus
174,315,NCI_Thesaurus
315,193,NCI_Thesaurus
315,220,NCI_Thesaurus
315,316,NCI_Thesaurus
315,317,NCI_Thesaurus
174,318,NCI_Thesaurus
318,319,NCI_Thesaurus
318,177,NCI_Thesaurus
318,263,NCI_Thesaurus
318,320,NCI_Thesaurus
318,321,NCI_Thesaurus
318,322,NCI_Thesaurus
174,323,NCI_Thesaurus
174,324,NCI_Thesaurus
324,325,NCI_Thesaurus
324,326,NCI_Thesaurus
324,327,NCI_Thesaurus
324,328,NCI_Thesaurus
174,329,NCI_Thesaurus
329,330,NCI_Thesaurus
329,331,NCI_Thesaurus
329,178,NCI_Thesaurus
329,332,NCI_Thesaurus
329,333,NCI_Thesaurus
174,334,NCI_Thesaurus
334,335,NCI_Thesaurus
334,223,NCI_Thesaurus
223,224,NCI_Thesaurus
223,225,NCI_Thesaurus
334,336,NCI_Thesaurus
336,337,NCI_Thesaurus
336,338,NCI_Thesaurus
336,339,NCI_Thesaurus
336,340,NCI_Thesaurus
334,341,NCI_Thesaurus
341,342,NCI_Thesaurus
341,343,NCI_Thesaurus
341,344,NCI_Thesaurus
341,345,NCI_Thesaurus
334,346,NCI_Thesaurus
334,347,NCI_Thesaurus
174,348,NCI_Thesaurus
348,349,NCI_Thesaurus
348,350,NCI_Thesaurus
348,351,NCI_Thesaurus
348,352,NCI_Thesaurus
174,353,NCI_Thesaurus
174,354,NCI_Thesaurus
354,269,NCI_Thesaurus
354,311,NCI_Thesaurus
311,312,NCI_Thesaurus
311,313,NCI_Thesaurus
354,355,NCI_Thesaurus
355,356,NCI_Thesaurus
354,270,NCI_Thesaurus
174,357,NCI_Thesaurus
357,198,NCI_Thesaurus
357,249,NCI_Thesaurus
249,238,NCI_Thesaurus
249,250,NCI_Thesaurus
249,251,NCI_Thesaurus
357,302,NCI_Thesaurus
357,285,NCI_Thesaurus
357,358,NCI_Thesaurus
174,359,NCI_Thesaurus
359,360,NCI_Thesaurus
360,361,NCI_Thesaurus
359,308,NCI_Thesaurus
359,358,NCI_Thesaurus
174,362,NCI_Thesaurus
362,363,NCI_Thesaurus
362,364,NCI_Thesaurus
362,227,NCI_Thesaurus
362,317,NCI_Thesaurus
362,365,NCI_Thesaurus
174,366,NCI_Thesaurus
174,367,NCI_Thesaurus
367,368,NCI_Thesaurus
367,369,NCI_Thesaurus
367,370,NCI_Thesaurus
367,371,NCI_Thesaurus
174,372,NCI_Thesaurus
174,373,NCI_Thesaurus
174,374,NCI_Thesaurus
374,317,NCI_Thesaurus
173,375,NCI_Thesaurus
375,376,NCI_Thesaurus
375,377,NCI_Thesaurus
375,378,NCI_Thesaurus
375,379,NCI_Thesaurus
379,380,NCI_Thesaurus
379,381,NCI_Thesaurus
379,382,NCI_Thesaurus
375,383,NCI_Thesaurus
173,384,NCI_Thesaurus
384,385,NCI_Thesaurus
384,386,NCI_Thesaurus
384,387,NCI_Thesaurus
387,388,NCI_Thesaurus
387,389,NCI_Thesaurus
384,390,NCI_Thesaurus
384,391,NCI_Thesaurus
384,392,NCI_Thesaurus
384,393,NCI_Thesaurus
384,394,NCI_Thesaurus
384,395,NCI_Thesaurus
384,396,NCI_Thesaurus
384,397,NCI_Thesaurus
173,398,NCI_Thesaurus
398,189,NCI_Thesaurus
398,399,NCI_Thesaurus
173,400,NCI_Thesaurus
400,190,NCI_Thesaurus
190,191,NCI_Thesaurus
190,192,NCI_Thesaurus
190,193,NCI_Thesaurus
400,401,NCI_Thesaurus
401,191,NCI_Thesaurus
401,402,NCI_Thesaurus
401,403,NCI_Thesaurus
400,404,NCI_Thesaurus
404,405,NCI_Thesaurus
400,406,NCI_Thesaurus
406,402,NCI_Thesaurus
406,405,NCI_Thesaurus
173,407,NCI_Thesaurus
407,194,NCI_Thesaurus
194,195,NCI_Thesaurus
195,196,NCI_Thesaurus
195,197,NCI_Thesaurus
194,198,NCI_Thesaurus
407,408,NCI_Thesaurus
407,409,NCI_Thesaurus
407,410,NCI_Thesaurus
173,411,NCI_Thesaurus
411,412,NCI_Thesaurus
411,413,NCI_Thesaurus
173,414,NCI_Thesaurus
414,199,NCI_Thesaurus
199,200,NCI_Thesaurus
200,201,NCI_Thesaurus
200,202,NCI_Thesaurus
199,203,NCI_Thesaurus
199,204,NCI_Thesaurus
414,415,NCI_Thesaurus
415,416,NCI_Thesaurus
415,203,NCI_Thesaurus
173,417,NCI_Thesaurus
417,205,NCI_Thesaurus
417,418,NCI_Thesaurus
417,419,NCI_Thesaurus
419,420,NCI_Thesaurus
420,421,NCI_Thesaurus
419,422,NCI_Thesaurus
419,423,NCI_Thesaurus
419,424,NCI_Thesaurus
424,421,NCI_Thesaurus
424,425,NCI_Thesaurus
173,426,NCI_Thesaurus
426,376,NCI_Thesaurus
426,427,NCI_Thesaurus
426,206,NCI_Thesaurus
206,207,NCI_Thesaurus
207,176,NCI_Thesaurus
207,181,NCI_Thesaurus
207,208,NCI_Thesaurus
207,209,NCI_Thesaurus
207,210,NCI_Thesaurus
207,211,NCI_Thesaurus
211,212,NCI_Thesaurus
211,213,NCI_Thesaurus
207,214,NCI_Thesaurus
207,215,NCI_Thesaurus
206,216,NCI_Thesaurus
206,217,NCI_Thesaurus
217,218,NCI_Thesaurus
217,182,NCI_Thesaurus
206,219,NCI_Thesaurus
206,220,NCI_Thesaurus
426,428,NCI_Thesaurus
428,429,NCI_Thesaurus
428,430,NCI_Thesaurus
428,431,NCI_Thesaurus
428,432,NCI_Thesaurus
428,433,NCI_Thesaurus
428,434,NCI_Thesaurus
426,435,NCI_Thesaurus
426,436,NCI_Thesaurus
426,437,NCI_Thesaurus
426,438,NCI_Thesaurus
426,439,NCI_Thesaurus
426,440,NCI_Thesaurus
426,441,NCI_Thesaurus
426,442,NCI_Thesaurus
173,443,NCI_Thesaurus
443,444,NCI_Thesaurus
443,445,NCI_Thesaurus
445,446,NCI_Thesaurus
445,447,NCI_Thesaurus
445,448,NCI_Thesaurus
173,449,NCI_Thesaurus
449,179,NCI_Thesaurus
179,180,NCI_Thesaurus
179,181,NCI_Thesaurus
179,182,NCI_Thesaurus
179,183,NCI_Thesaurus
179,184,NCI_Thesaurus
449,399,NCI_Thesaurus
449,403,NCI_Thesaurus
449,410,NCI_Thesaurus
449,450,NCI_Thesaurus
450,180,NCI_Thesaurus
450,451,NCI_Thesaurus
449,452,NCI_Thesaurus
452,453,NCI_Thesaurus
452,454,NCI_Thesaurus
452,455,NCI_Thesaurus
449,456,NCI_Thesaurus
456,183,NCI_Thesaurus
456,457,NCI_Thesaurus
449,458,NCI_Thesaurus
449,459,NCI_Thesaurus
449,460,NCI_Thesaurus
449,461,NCI_Thesaurus
449,462,NCI_Thesaurus
462,451,NCI_Thesaurus
462,457,NCI_Thesaurus
449,425,NCI_Thesaurus
449,463,NCI_Thesaurus
173,464,NCI_Thesaurus
464,221,NCI_Thesaurus
221,180,NCI_Thesaurus
464,386,NCI_Thesaurus
464,465,NCI_Thesaurus
464,466,NCI_Thesaurus
466,451,NCI_Thesaurus
466,467,NCI_Thesaurus
464,468,NCI_Thesaurus
464,469,NCI_Thesaurus
464,470,NCI_Thesaurus
464,450,NCI_Thesaurus
450,180,NCI_Thesaurus
450,451,NCI_Thesaurus
173,471,NCI_Thesaurus
173,472,NCI_Thesaurus
472,473,NCI_Thesaurus
473,231,NCI_Thesaurus
231,232,NCI_Thesaurus
231,233,NCI_Thesaurus
233,234,NCI_Thesaurus
231,235,NCI_Thesaurus
231,236,NCI_Thesaurus
231,237,NCI_Thesaurus
231,238,NCI_Thesaurus
231,239,NCI_Thesaurus
231,240,NCI_Thesaurus
231,241,NCI_Thesaurus
473,388,NCI_Thesaurus
473,474,NCI_Thesaurus
473,475,NCI_Thesaurus
473,476,NCI_Thesaurus
473,453,NCI_Thesaurus
472,230,NCI_Thesaurus
230,231,NCI_Thesaurus
231,232,NCI_Thesaurus
231,233,NCI_Thesaurus
233,234,NCI_Thesaurus
231,235,NCI_Thesaurus
231,236,NCI_Thesaurus
231,237,NCI_Thesaurus
231,238,NCI_Thesaurus
231,239,NCI_Thesaurus
231,240,NCI_Thesaurus
231,241,NCI_Thesaurus
230,242,NCI_Thesaurus
242,235,NCI_Thesaurus
242,243,NCI_Thesaurus
230,244,NCI_Thesaurus
244,236,NCI_Thesaurus
244,245,NCI_Thesaurus
244,246,NCI_Thesaurus
230,247,NCI_Thesaurus
247,237,NCI_Thesaurus
247,248,NCI_Thesaurus
230,249,NCI_Thesaurus
249,238,NCI_Thesaurus
249,250,NCI_Thesaurus
249,251,NCI_Thesaurus
230,252,NCI_Thesaurus
252,239,NCI_Thesaurus
252,253,NCI_Thesaurus
230,254,NCI_Thesaurus
254,240,NCI_Thesaurus
254,255,NCI_Thesaurus
230,256,NCI_Thesaurus
256,241,NCI_Thesaurus
256,257,NCI_Thesaurus
230,258,NCI_Thesaurus
258,253,NCI_Thesaurus
258,255,NCI_Thesaurus
258,257,NCI_Thesaurus
258,243,NCI_Thesaurus
258,245,NCI_Thesaurus
258,248,NCI_Thesaurus
258,250,NCI_Thesaurus
230,259,NCI_Thesaurus
259,246,NCI_Thesaurus
259,251,NCI_Thesaurus
472,387,NCI_Thesaurus
387,388,NCI_Thesaurus
387,389,NCI_Thesaurus
472,477,NCI_Thesaurus
477,474,NCI_Thesaurus
477,478,NCI_Thesaurus
472,479,NCI_Thesaurus
479,475,NCI_Thesaurus
479,480,NCI_Thesaurus
472,481,NCI_Thesaurus
481,476,NCI_Thesaurus
481,482,NCI_Thesaurus
472,483,NCI_Thesaurus
483,258,NCI_Thesaurus
258,253,NCI_Thesaurus
258,255,NCI_Thesaurus
258,257,NCI_Thesaurus
258,243,NCI_Thesaurus
258,245,NCI_Thesaurus
258,248,NCI_Thesaurus
258,250,NCI_Thesaurus
483,389,NCI_Thesaurus
483,478,NCI_Thesaurus
483,480,NCI_Thesaurus
483,482,NCI_Thesaurus
483,454,NCI_Thesaurus
472,484,NCI_Thesaurus
484,259,NCI_Thesaurus
259,246,NCI_Thesaurus
259,251,NCI_Thesaurus
484,455,NCI_Thesaurus
472,452,NCI_Thesaurus
452,453,NCI_Thesaurus
452,454,NCI_Thesaurus
452,455,NCI_Thesaurus
173,485,NCI_Thesaurus
485,264,NCI_Thesaurus
264,265,NCI_Thesaurus
265,266,NCI_Thesaurus
265,267,NCI_Thesaurus
264,268,NCI_Thesaurus
268,226,NCI_Thesaurus
268,269,NCI_Thesaurus
268,270,NCI_Thesaurus
485,390,NCI_Thesaurus
485,486,NCI_Thesaurus
485,487,NCI_Thesaurus
173,488,NCI_Thesaurus
488,489,NCI_Thesaurus
488,490,NCI_Thesaurus
173,491,NCI_Thesaurus
491,271,NCI_Thesaurus
271,272,NCI_Thesaurus
271,183,NCI_Thesaurus
491,492,NCI_Thesaurus
491,493,NCI_Thesaurus
493,494,NCI_Thesaurus
493,495,NCI_Thesaurus
493,496,NCI_Thesaurus
493,457,NCI_Thesaurus
491,456,NCI_Thesaurus
456,183,NCI_Thesaurus
456,457,NCI_Thesaurus
173,497,NCI_Thesaurus
497,498,NCI_Thesaurus
497,499,NCI_Thesaurus
497,500,NCI_Thesaurus
497,501,NCI_Thesaurus
501,444,NCI_Thesaurus
173,502,NCI_Thesaurus
502,273,NCI_Thesaurus
502,503,NCI_Thesaurus
502,504,NCI_Thesaurus
173,505,NCI_Thesaurus
505,274,NCI_Thesaurus
505,391,NCI_Thesaurus
505,506,NCI_Thesaurus
505,507,NCI_Thesaurus
505,508,NCI_Thesaurus
505,458,NCI_Thesaurus
173,509,NCI_Thesaurus
509,275,NCI_Thesaurus
275,276,NCI_Thesaurus
276,277,NCI_Thesaurus
276,278,NCI_Thesaurus
275,279,NCI_Thesaurus
279,280,NCI_Thesaurus
275,281,NCI_Thesaurus
275,282,NCI_Thesaurus
275,283,NCI_Thesaurus
275,284,NCI_Thesaurus
284,285,NCI_Thesaurus
509,392,NCI_Thesaurus
509,510,NCI_Thesaurus
509,511,NCI_Thesaurus
509,459,NCI_Thesaurus
509,512,NCI_Thesaurus
173,513,NCI_Thesaurus
513,514,NCI_Thesaurus
514,515,NCI_Thesaurus
514,516,NCI_Thesaurus
513,517,NCI_Thesaurus
517,518,NCI_Thesaurus
518,519,NCI_Thesaurus
518,520,NCI_Thesaurus
518,521,NCI_Thesaurus
517,522,NCI_Thesaurus
522,523,NCI_Thesaurus
522,524,NCI_Thesaurus
524,525,NCI_Thesaurus
524,526,NCI_Thesaurus
524,527,NCI_Thesaurus
527,528,NCI_Thesaurus
527,529,NCI_Thesaurus
527,530,NCI_Thesaurus
527,531,NCI_Thesaurus
524,532,NCI_Thesaurus
524,533,NCI_Thesaurus
517,534,NCI_Thesaurus
534,535,NCI_Thesaurus
534,536,NCI_Thesaurus
517,537,NCI_Thesaurus
537,538,NCI_Thesaurus
537,539,NCI_Thesaurus
537,540,NCI_Thesaurus
537,541,NCI_Thesaurus
517,542,NCI_Thesaurus
542,543,NCI_Thesaurus
542,544,NCI_Thesaurus
542,545,NCI_Thesaurus
513,546,NCI_Thesaurus
546,522,NCI_Thesaurus
522,523,NCI_Thesaurus
522,524,NCI_Thesaurus
524,525,NCI_Thesaurus
524,526,NCI_Thesaurus
524,527,NCI_Thesaurus
527,528,NCI_Thesaurus
527,529,NCI_Thesaurus
527,530,NCI_Thesaurus
527,531,NCI_Thesaurus
524,532,NCI_Thesaurus
524,533,NCI_Thesaurus
546,547,NCI_Thesaurus
547,548,NCI_Thesaurus
547,523,NCI_Thesaurus
546,549,NCI_Thesaurus
549,524,NCI_Thesaurus
524,525,NCI_Thesaurus
524,526,NCI_Thesaurus
524,527,NCI_Thesaurus
527,528,NCI_Thesaurus
527,529,NCI_Thesaurus
527,530,NCI_Thesaurus
527,531,NCI_Thesaurus
524,532,NCI_Thesaurus
524,533,NCI_Thesaurus
513,550,NCI_Thesaurus
550,518,NCI_Thesaurus
518,519,NCI_Thesaurus
518,520,NCI_Thesaurus
518,521,NCI_Thesaurus
550,323,NCI_Thesaurus
550,537,NCI_Thesaurus
537,538,NCI_Thesaurus
537,539,NCI_Thesaurus
537,540,NCI_Thesaurus
537,541,NCI_Thesaurus
550,551,NCI_Thesaurus
551,367,NCI_Thesaurus
367,368,NCI_Thesaurus
367,369,NCI_Thesaurus
367,370,NCI_Thesaurus
367,371,NCI_Thesaurus
551,552,NCI_Thesaurus
552,553,NCI_Thesaurus
552,554,NCI_Thesaurus
551,555,NCI_Thesaurus
551,556,NCI_Thesaurus
551,557,NCI_Thesaurus
513,558,NCI_Thesaurus
558,559,NCI_Thesaurus
559,349,NCI_Thesaurus
559,380,NCI_Thesaurus
559,446,NCI_Thesaurus
559,560,NCI_Thesaurus
559,561,NCI_Thesaurus
559,543,NCI_Thesaurus
559,562,NCI_Thesaurus
558,563,NCI_Thesaurus
563,350,NCI_Thesaurus
563,381,NCI_Thesaurus
563,447,NCI_Thesaurus
563,564,NCI_Thesaurus
563,544,NCI_Thesaurus
563,565,NCI_Thesaurus
558,348,NCI_Thesaurus
348,349,NCI_Thesaurus
348,350,NCI_Thesaurus
348,351,NCI_Thesaurus
348,352,NCI_Thesaurus
558,379,NCI_Thesaurus
379,380,NCI_Thesaurus
379,381,NCI_Thesaurus
379,382,NCI_Thesaurus
558,394,NCI_Thesaurus
558,445,NCI_Thesaurus
445,446,NCI_Thesaurus
445,447,NCI_Thesaurus
445,448,NCI_Thesaurus
558,566,NCI_Thesaurus
558,490,NCI_Thesaurus
558,567,NCI_Thesaurus
558,568,NCI_Thesaurus
568,560,NCI_Thesaurus
568,564,NCI_Thesaurus
568,569,NCI_Thesaurus
558,570,NCI_Thesaurus
558,571,NCI_Thesaurus
571,561,NCI_Thesaurus
558,542,NCI_Thesaurus
542,543,NCI_Thesaurus
542,544,NCI_Thesaurus
542,545,NCI_Thesaurus
558,572,NCI_Thesaurus
572,562,NCI_Thesaurus
572,565,NCI_Thesaurus
572,573,NCI_Thesaurus
558,574,NCI_Thesaurus
574,351,NCI_Thesaurus
558,575,NCI_Thesaurus
575,352,NCI_Thesaurus
575,382,NCI_Thesaurus
575,448,NCI_Thesaurus
575,569,NCI_Thesaurus
575,545,NCI_Thesaurus
575,573,NCI_Thesaurus
173,576,NCI_Thesaurus
576,176,NCI_Thesaurus
576,376,NCI_Thesaurus
576,435,NCI_Thesaurus
576,423,NCI_Thesaurus
576,577,NCI_Thesaurus
576,216,NCI_Thesaurus
576,208,NCI_Thesaurus
576,218,NCI_Thesaurus
576,213,NCI_Thesaurus
576,209,NCI_Thesaurus
576,210,NCI_Thesaurus
576,324,NCI_Thesaurus
324,325,NCI_Thesaurus
324,326,NCI_Thesaurus
324,327,NCI_Thesaurus
324,328,NCI_Thesaurus
576,329,NCI_Thesaurus
329,330,NCI_Thesaurus
329,331,NCI_Thesaurus
329,178,NCI_Thesaurus
329,332,NCI_Thesaurus
329,333,NCI_Thesaurus
576,378,NCI_Thesaurus
576,393,NCI_Thesaurus
576,578,NCI_Thesaurus
576,579,NCI_Thesaurus
576,580,NCI_Thesaurus
576,581,NCI_Thesaurus
576,214,NCI_Thesaurus
576,441,NCI_Thesaurus
576,215,NCI_Thesaurus
173,582,NCI_Thesaurus
582,583,NCI_Thesaurus
582,584,NCI_Thesaurus
582,585,NCI_Thesaurus
582,334,NCI_Thesaurus
334,335,NCI_Thesaurus
334,223,NCI_Thesaurus
223,224,NCI_Thesaurus
223,225,NCI_Thesaurus
334,336,NCI_Thesaurus
336,337,NCI_Thesaurus
336,338,NCI_Thesaurus
336,339,NCI_Thesaurus
336,340,NCI_Thesaurus
334,341,NCI_Thesaurus
341,342,NCI_Thesaurus
341,343,NCI_Thesaurus
341,344,NCI_Thesaurus
341,345,NCI_Thesaurus
334,346,NCI_Thesaurus
334,347,NCI_Thesaurus
582,586,NCI_Thesaurus
586,587,NCI_Thesaurus
587,577,NCI_Thesaurus
587,588,NCI_Thesaurus
588,589,NCI_Thesaurus
587,590,NCI_Thesaurus
590,589,NCI_Thesaurus
590,463,NCI_Thesaurus
173,591,NCI_Thesaurus
591,592,NCI_Thesaurus
592,593,NCI_Thesaurus
591,594,NCI_Thesaurus
594,412,NCI_Thesaurus
594,595,NCI_Thesaurus
594,596,NCI_Thesaurus
594,597,NCI_Thesaurus
594,598,NCI_Thesaurus
591,599,NCI_Thesaurus
599,597,NCI_Thesaurus
599,600,NCI_Thesaurus
599,601,NCI_Thesaurus
591,567,NCI_Thesaurus
591,602,NCI_Thesaurus
591,557,NCI_Thesaurus
173,603,NCI_Thesaurus
603,260,NCI_Thesaurus
603,286,NCI_Thesaurus
286,287,NCI_Thesaurus
286,288,NCI_Thesaurus
286,289,NCI_Thesaurus
286,290,NCI_Thesaurus
286,291,NCI_Thesaurus
603,204,NCI_Thesaurus
603,202,NCI_Thesaurus
603,604,NCI_Thesaurus
173,605,NCI_Thesaurus
605,606,NCI_Thesaurus
605,377,NCI_Thesaurus
605,489,NCI_Thesaurus
605,607,NCI_Thesaurus
605,608,NCI_Thesaurus
608,385,NCI_Thesaurus
608,594,NCI_Thesaurus
594,412,NCI_Thesaurus
594,595,NCI_Thesaurus
594,596,NCI_Thesaurus
594,597,NCI_Thesaurus
594,598,NCI_Thesaurus
608,295,NCI_Thesaurus
295,296,NCI_Thesaurus
295,297,NCI_Thesaurus
295,298,NCI_Thesaurus
295,299,NCI_Thesaurus
295,300,NCI_Thesaurus
295,228,NCI_Thesaurus
295,301,NCI_Thesaurus
295,302,NCI_Thesaurus
295,303,NCI_Thesaurus
295,304,NCI_Thesaurus
608,609,NCI_Thesaurus
609,610,NCI_Thesaurus
609,593,NCI_Thesaurus
609,611,NCI_Thesaurus
609,612,NCI_Thesaurus
609,613,NCI_Thesaurus
613,614,NCI_Thesaurus
613,615,NCI_Thesaurus
608,616,NCI_Thesaurus
608,617,NCI_Thesaurus
605,618,NCI_Thesaurus
605,619,NCI_Thesaurus
619,413,NCI_Thesaurus
619,616,NCI_Thesaurus
619,617,NCI_Thesaurus
619,620,NCI_Thesaurus
605,460,NCI_Thesaurus
173,621,NCI_Thesaurus
621,599,NCI_Thesaurus
599,597,NCI_Thesaurus
599,600,NCI_Thesaurus
599,601,NCI_Thesaurus
621,622,NCI_Thesaurus
621,623,NCI_Thesaurus
621,624,NCI_Thesaurus
621,625,NCI_Thesaurus
621,626,NCI_Thesaurus
626,600,NCI_Thesaurus
626,627,NCI_Thesaurus
621,628,NCI_Thesaurus
628,409,NCI_Thesaurus
628,435,NCI_Thesaurus
628,465,NCI_Thesaurus
628,477,NCI_Thesaurus
477,474,NCI_Thesaurus
477,478,NCI_Thesaurus
628,486,NCI_Thesaurus
628,492,NCI_Thesaurus
628,507,NCI_Thesaurus
628,510,NCI_Thesaurus
628,627,NCI_Thesaurus
628,579,NCI_Thesaurus
628,571,NCI_Thesaurus
571,561,NCI_Thesaurus
628,618,NCI_Thesaurus
628,629,NCI_Thesaurus
628,630,NCI_Thesaurus
621,552,NCI_Thesaurus
552,553,NCI_Thesaurus
552,554,NCI_Thesaurus
173,631,NCI_Thesaurus
631,632,NCI_Thesaurus
631,309,NCI_Thesaurus
309,229,NCI_Thesaurus
309,262,NCI_Thesaurus
309,310,NCI_Thesaurus
309,307,NCI_Thesaurus
309,311,NCI_Thesaurus
311,312,NCI_Thesaurus
311,313,NCI_Thesaurus
631,633,NCI_Thesaurus
631,634,NCI_Thesaurus
631,635,NCI_Thesaurus
631,636,NCI_Thesaurus
173,637,NCI_Thesaurus
637,638,NCI_Thesaurus
637,318,NCI_Thesaurus
318,319,NCI_Thesaurus
318,177,NCI_Thesaurus
318,263,NCI_Thesaurus
318,320,NCI_Thesaurus
318,321,NCI_Thesaurus
318,322,NCI_Thesaurus
637,184,NCI_Thesaurus
173,639,NCI_Thesaurus
639,420,NCI_Thesaurus
420,421,NCI_Thesaurus
639,211,NCI_Thesaurus
211,212,NCI_Thesaurus
211,213,NCI_Thesaurus
639,303,NCI_Thesaurus
639,336,NCI_Thesaurus
336,337,NCI_Thesaurus
336,338,NCI_Thesaurus
336,339,NCI_Thesaurus
336,340,NCI_Thesaurus
639,356,NCI_Thesaurus
639,588,NCI_Thesaurus
588,589,NCI_Thesaurus
639,617,NCI_Thesaurus
639,371,NCI_Thesaurus
173,640,NCI_Thesaurus
640,316,NCI_Thesaurus
640,641,NCI_Thesaurus
640,642,NCI_Thesaurus
173,643,NCI_Thesaurus
643,355,NCI_Thesaurus
355,356,NCI_Thesaurus
173,644,NCI_Thesaurus
644,645,NCI_Thesaurus
644,646,NCI_Thesaurus
644,329,NCI_Thesaurus
329,330,NCI_Thesaurus
329,331,NCI_Thesaurus
329,178,NCI_Thesaurus
329,332,NCI_Thesaurus
329,333,NCI_Thesaurus
644,378,NCI_Thesaurus
644,393,NCI_Thesaurus
644,578,NCI_Thesaurus
644,579,NCI_Thesaurus
644,580,NCI_Thesaurus
644,581,NCI_Thesaurus
173,647,NCI_Thesaurus
173,648,NCI_Thesaurus
648,528,NCI_Thesaurus
648,577,NCI_Thesaurus
648,609,NCI_Thesaurus
609,610,NCI_Thesaurus
609,593,NCI_Thesaurus
609,611,NCI_Thesaurus
609,612,NCI_Thesaurus
609,613,NCI_Thesaurus
613,614,NCI_Thesaurus
613,615,NCI_Thesaurus
648,346,NCI_Thesaurus
648,649,NCI_Thesaurus
173,650,NCI_Thesaurus
650,651,NCI_Thesaurus
651,652,NCI_Thesaurus
651,353,NCI_Thesaurus
651,362,NCI_Thesaurus
362,363,NCI_Thesaurus
362,364,NCI_Thesaurus
362,227,NCI_Thesaurus
362,317,NCI_Thesaurus
362,365,NCI_Thesaurus
651,653,NCI_Thesaurus
650,404,NCI_Thesaurus
404,405,NCI_Thesaurus
650,625,NCI_Thesaurus
650,395,NCI_Thesaurus
650,654,NCI_Thesaurus
654,548,NCI_Thesaurus
654,641,NCI_Thesaurus
654,655,NCI_Thesaurus
650,656,NCI_Thesaurus
173,657,NCI_Thesaurus
657,359,NCI_Thesaurus
359,360,NCI_Thesaurus
360,361,NCI_Thesaurus
359,308,NCI_Thesaurus
359,358,NCI_Thesaurus
657,658,NCI_Thesaurus
657,629,NCI_Thesaurus
657,461,NCI_Thesaurus
173,659,NCI_Thesaurus
659,406,NCI_Thesaurus
406,402,NCI_Thesaurus
406,405,NCI_Thesaurus
659,418,NCI_Thesaurus
659,466,NCI_Thesaurus
466,451,NCI_Thesaurus
466,467,NCI_Thesaurus
659,479,NCI_Thesaurus
479,475,NCI_Thesaurus
479,480,NCI_Thesaurus
659,498,NCI_Thesaurus
659,499,NCI_Thesaurus
659,487,NCI_Thesaurus
659,493,NCI_Thesaurus
493,494,NCI_Thesaurus
493,495,NCI_Thesaurus
493,496,NCI_Thesaurus
493,457,NCI_Thesaurus
659,503,NCI_Thesaurus
659,508,NCI_Thesaurus
659,511,NCI_Thesaurus
659,517,NCI_Thesaurus
517,518,NCI_Thesaurus
518,519,NCI_Thesaurus
518,520,NCI_Thesaurus
518,521,NCI_Thesaurus
517,522,NCI_Thesaurus
522,523,NCI_Thesaurus
522,524,NCI_Thesaurus
524,525,NCI_Thesaurus
524,526,NCI_Thesaurus
524,527,NCI_Thesaurus
527,528,NCI_Thesaurus
527,529,NCI_Thesaurus
527,530,NCI_Thesaurus
527,531,NCI_Thesaurus
524,532,NCI_Thesaurus
524,533,NCI_Thesaurus
517,534,NCI_Thesaurus
534,535,NCI_Thesaurus
534,536,NCI_Thesaurus
517,537,NCI_Thesaurus
537,538,NCI_Thesaurus
537,539,NCI_Thesaurus
537,540,NCI_Thesaurus
537,541,NCI_Thesaurus
517,542,NCI_Thesaurus
542,543,NCI_Thesaurus
542,544,NCI_Thesaurus
542,545,NCI_Thesaurus
659,634,NCI_Thesaurus
659,580,NCI_Thesaurus
659,656,NCI_Thesaurus
659,441,NCI_Thesaurus
659,642,NCI_Thesaurus
659,619,NCI_Thesaurus
619,413,NCI_Thesaurus
619,616,NCI_Thesaurus
619,617,NCI_Thesaurus
619,620,NCI_Thesaurus
659,462,NCI_Thesaurus
462,451,NCI_Thesaurus
462,457,NCI_Thesaurus
659,660,NCI_Thesaurus
659,556,NCI_Thesaurus
659,661,NCI_Thesaurus
659,662,NCI_Thesaurus
659,663,NCI_Thesaurus
659,664,NCI_Thesaurus
659,665,NCI_Thesaurus
665,666,NCI_Thesaurus
173,667,NCI_Thesaurus
173,668,NCI_Thesaurus
668,383,NCI_Thesaurus
668,661,NCI_Thesaurus
173,669,NCI_Thesaurus
669,419,NCI_Thesaurus
419,420,NCI_Thesaurus
420,421,NCI_Thesaurus
419,422,NCI_Thesaurus
419,423,NCI_Thesaurus
419,424,NCI_Thesaurus
424,421,NCI_Thesaurus
424,425,NCI_Thesaurus
669,635,NCI_Thesaurus
669,646,NCI_Thesaurus
669,587,NCI_Thesaurus
587,577,NCI_Thesaurus
587,588,NCI_Thesaurus
588,589,NCI_Thesaurus
587,590,NCI_Thesaurus
590,589,NCI_Thesaurus
590,463,NCI_Thesaurus
669,670,NCI_Thesaurus
670,424,NCI_Thesaurus
424,421,NCI_Thesaurus
424,425,NCI_Thesaurus
670,590,NCI_Thesaurus
590,589,NCI_Thesaurus
590,463,NCI_Thesaurus
670,671,NCI_Thesaurus
669,672,NCI_Thesaurus
672,671,NCI_Thesaurus
669,673,NCI_Thesaurus
173,674,NCI_Thesaurus
674,481,NCI_Thesaurus
481,476,NCI_Thesaurus
481,482,NCI_Thesaurus
674,592,NCI_Thesaurus
592,593,NCI_Thesaurus
674,675,NCI_Thesaurus
674,581,NCI_Thesaurus
674,572,NCI_Thesaurus
572,562,NCI_Thesaurus
572,565,NCI_Thesaurus
572,573,NCI_Thesaurus
674,676,NCI_Thesaurus
674,557,NCI_Thesaurus
674,512,NCI_Thesaurus
674,636,NCI_Thesaurus
173,677,NCI_Thesaurus
677,662,NCI_Thesaurus
677,672,NCI_Thesaurus
672,671,NCI_Thesaurus
173,678,NCI_Thesaurus
678,679,NCI_Thesaurus
678,680,NCI_Thesaurus
678,372,NCI_Thesaurus
678,663,NCI_Thesaurus
678,673,NCI_Thesaurus
173,681,NCI_Thesaurus
681,373,NCI_Thesaurus
681,397,NCI_Thesaurus
681,664,NCI_Thesaurus
173,682,NCI_Thesaurus
682,683,NCI_Thesaurus
682,684,NCI_Thesaurus
682,685,NCI_Thesaurus
682,686,NCI_Thesaurus
682,374,NCI_Thesaurus
374,317,NCI_Thesaurus
682,655,NCI_Thesaurus
682,665,NCI_Thesaurus
665,666,NCI_Thesaurus
146,687,NCI_Thesaurus
687,604,NCI_Thesaurus
687,610,NCI_Thesaurus
687,688,NCI_Thesaurus
688,689,NCI_Thesaurus
688,690,NCI_Thesaurus
688,691,NCI_Thesaurus
687,692,NCI_Thesaurus
146,693,NCI_Thesaurus
693,694,NCI_Thesaurus
693,695,NCI_Thesaurus
146,696,NCI_Thesaurus
696,697,NCI_Thesaurus
146,698,NCI_Thesaurus
698,699,NCI_Thesaurus
698,700,NCI_Thesaurus
698,701,NCI_Thesaurus
146,702,NCI_Thesaurus
702,703,NCI_Thesaurus
703,704,NCI_Thesaurus
703,705,NCI_Thesaurus
703,706,NCI_Thesaurus
702,707,NCI_Thesaurus
707,704,NCI_Thesaurus
707,708,NCI_Thesaurus
702,709,NCI_Thesaurus
709,706,NCI_Thesaurus
709,710,NCI_Thesaurus
702,711,NCI_Thesaurus
711,708,NCI_Thesaurus
711,712,NCI_Thesaurus
711,710,NCI_Thesaurus
146,713,NCI_Thesaurus
713,714,NCI_Thesaurus
713,715,NCI_Thesaurus
713,716,NCI_Thesaurus
146,717,NCI_Thesaurus
717,718,NCI_Thesaurus
146,719,NCI_Thesaurus
146,720,NCI_Thesaurus
146,721,NCI_Thesaurus
721,722,NCI_Thesaurus
722,723,NCI_Thesaurus
722,724,NCI_Thesaurus
721,725,NCI_Thesaurus
725,723,NCI_Thesaurus
725,726,NCI_Thesaurus
721,727,NCI_Thesaurus
727,724,NCI_Thesaurus
727,728,NCI_Thesaurus
721,729,NCI_Thesaurus
729,730,NCI_Thesaurus
729,726,NCI_Thesaurus
729,728,NCI_Thesaurus
146,731,NCI_Thesaurus
731,732,NCI_Thesaurus
731,733,NCI_Thesaurus
731,734,NCI_Thesaurus
731,735,NCI_Thesaurus
146,736,NCI_Thesaurus
146,737,NCI_Thesaurus
146,738,NCI_Thesaurus
146,739,NCI_Thesaurus
739,740,NCI_Thesaurus
740,741,NCI_Thesaurus
740,742,NCI_Thesaurus
742,743,NCI_Thesaurus
742,744,NCI_Thesaurus
742,745,NCI_Thesaurus
742,746,NCI_Thesaurus
742,747,NCI_Thesaurus
742,748,NCI_Thesaurus
739,749,NCI_Thesaurus
749,750,NCI_Thesaurus
750,751,NCI_Thesaurus
750,752,NCI_Thesaurus
750,753,NCI_Thesaurus
749,154,NCI_Thesaurus
154,155,NCI_Thesaurus
154,156,NCI_Thesaurus
154,157,NCI_Thesaurus
154,158,NCI_Thesaurus
154,159,NCI_Thesaurus
154,160,NCI_Thesaurus
154,161,NCI_Thesaurus
749,754,NCI_Thesaurus
749,755,NCI_Thesaurus
749,756,NCI_Thesaurus
739,757,NCI_Thesaurus
757,758,NCI_Thesaurus
758,759,NCI_Thesaurus
758,760,NCI_Thesaurus
758,761,NCI_Thesaurus
758,762,NCI_Thesaurus
762,763,NCI_Thesaurus
762,764,NCI_Thesaurus
758,765,NCI_Thesaurus
758,766,NCI_Thesaurus
758,767,NCI_Thesaurus
758,768,NCI_Thesaurus
768,769,NCI_Thesaurus
768,770,NCI_Thesaurus
758,771,NCI_Thesaurus
757,772,NCI_Thesaurus
772,773,NCI_Thesaurus
772,774,NCI_Thesaurus
757,775,NCI_Thesaurus
775,776,NCI_Thesaurus
775,777,NCI_Thesaurus
757,778,NCI_Thesaurus
778,779,NCI_Thesaurus
778,780,NCI_Thesaurus
780,781,NCI_Thesaurus
780,782,NCI_Thesaurus
780,783,NCI_Thesaurus
780,784,NCI_Thesaurus
778,785,NCI_Thesaurus
785,786,NCI_Thesaurus
785,787,NCI_Thesaurus
778,788,NCI_Thesaurus
788,789,NCI_Thesaurus
788,790,NCI_Thesaurus
778,791,NCI_Thesaurus
778,792,NCI_Thesaurus
778,793,NCI_Thesaurus
778,794,NCI_Thesaurus
778,795,NCI_Thesaurus
795,796,NCI_Thesaurus
795,797,NCI_Thesaurus
778,798,NCI_Thesaurus
757,799,NCI_Thesaurus
757,800,NCI_Thesaurus
757,801,NCI_Thesaurus
801,776,NCI_Thesaurus
801,802,NCI_Thesaurus
801,803,NCI_Thesaurus
739,804,NCI_Thesaurus
739,805,NCI_Thesaurus
739,806,NCI_Thesaurus
739,703,NCI_Thesaurus
703,704,NCI_Thesaurus
703,705,NCI_Thesaurus
703,706,NCI_Thesaurus
739,807,NCI_Thesaurus
807,808,NCI_Thesaurus
807,809,NCI_Thesaurus
807,810,NCI_Thesaurus
807,811,NCI_Thesaurus
807,812,NCI_Thesaurus
739,813,NCI_Thesaurus
739,814,NCI_Thesaurus
739,815,NCI_Thesaurus
739,816,NCI_Thesaurus
816,799,NCI_Thesaurus
816,754,NCI_Thesaurus
816,755,NCI_Thesaurus
739,817,NCI_Thesaurus
739,818,NCI_Thesaurus
739,819,NCI_Thesaurus
819,820,NCI_Thesaurus
819,821,NCI_Thesaurus
821,822,NCI_Thesaurus
821,823,NCI_Thesaurus
739,824,NCI_Thesaurus
739,825,NCI_Thesaurus
825,826,NCI_Thesaurus
825,827,NCI_Thesaurus
739,828,NCI_Thesaurus
828,829,NCI_Thesaurus
829,802,NCI_Thesaurus
828,803,NCI_Thesaurus
146,830,NCI_Thesaurus
146,831,NCI_Thesaurus
831,832,NCI_Thesaurus
831,833,NCI_Thesaurus
831,834,NCI_Thesaurus
831,835,NCI_Thesaurus
835,836,NCI_Thesaurus
836,837,NCI_Thesaurus
836,838,NCI_Thesaurus
836,839,NCI_Thesaurus
836,840,NCI_Thesaurus
835,841,NCI_Thesaurus
831,842,NCI_Thesaurus
842,843,NCI_Thesaurus
843,171,NCI_Thesaurus
843,844,NCI_Thesaurus
843,845,NCI_Thesaurus
845,846,NCI_Thesaurus
845,847,NCI_Thesaurus
845,848,NCI_Thesaurus
843,849,NCI_Thesaurus
849,850,NCI_Thesaurus
850,851,NCI_Thesaurus
850,852,NCI_Thesaurus
849,853,NCI_Thesaurus
849,854,NCI_Thesaurus
854,855,NCI_Thesaurus
843,856,NCI_Thesaurus
856,857,NCI_Thesaurus
856,858,NCI_Thesaurus
856,859,NCI_Thesaurus
859,860,NCI_Thesaurus
859,861,NCI_Thesaurus
859,862,NCI_Thesaurus
856,863,NCI_Thesaurus
863,864,NCI_Thesaurus
863,865,NCI_Thesaurus
863,866,NCI_Thesaurus
856,867,NCI_Thesaurus
856,868,NCI_Thesaurus
856,869,NCI_Thesaurus
856,870,NCI_Thesaurus
856,871,NCI_Thesaurus
856,850,NCI_Thesaurus
850,851,NCI_Thesaurus
850,852,NCI_Thesaurus
856,872,NCI_Thesaurus
856,873,NCI_Thesaurus
843,874,NCI_Thesaurus
874,875,NCI_Thesaurus
874,876,NCI_Thesaurus
874,877,NCI_Thesaurus
874,878,NCI_Thesaurus
874,879,NCI_Thesaurus
874,880,NCI_Thesaurus
874,853,NCI_Thesaurus
874,881,NCI_Thesaurus
843,882,NCI_Thesaurus
882,883,NCI_Thesaurus
882,884,NCI_Thesaurus
882,885,NCI_Thesaurus
843,886,NCI_Thesaurus
886,887,NCI_Thesaurus
887,888,NCI_Thesaurus
843,889,NCI_Thesaurus
889,890,NCI_Thesaurus
889,891,NCI_Thesaurus
843,892,NCI_Thesaurus
892,893,NCI_Thesaurus
893,894,NCI_Thesaurus
893,895,NCI_Thesaurus
895,896,NCI_Thesaurus
893,897,NCI_Thesaurus
897,898,NCI_Thesaurus
893,854,NCI_Thesaurus
854,855,NCI_Thesaurus
892,899,NCI_Thesaurus
899,900,NCI_Thesaurus
892,901,NCI_Thesaurus
843,711,NCI_Thesaurus
711,708,NCI_Thesaurus
711,712,NCI_Thesaurus
711,710,NCI_Thesaurus
843,902,NCI_Thesaurus
842,903,NCI_Thesaurus
842,904,NCI_Thesaurus
904,171,NCI_Thesaurus
904,905,NCI_Thesaurus
842,906,NCI_Thesaurus
906,907,NCI_Thesaurus
907,908,NCI_Thesaurus
908,909,NCI_Thesaurus
908,910,NCI_Thesaurus
908,911,NCI_Thesaurus
908,912,NCI_Thesaurus
907,913,NCI_Thesaurus
907,914,NCI_Thesaurus
914,915,NCI_Thesaurus
914,916,NCI_Thesaurus
914,911,NCI_Thesaurus
914,917,NCI_Thesaurus
917,918,NCI_Thesaurus
917,919,NCI_Thesaurus
917,920,NCI_Thesaurus
914,921,NCI_Thesaurus
907,922,NCI_Thesaurus
907,923,NCI_Thesaurus
907,924,NCI_Thesaurus
907,925,NCI_Thesaurus
925,916,NCI_Thesaurus
925,824,NCI_Thesaurus
907,926,NCI_Thesaurus
907,927,NCI_Thesaurus
927,928,NCI_Thesaurus
927,929,NCI_Thesaurus
927,930,NCI_Thesaurus
906,905,NCI_Thesaurus
146,931,NCI_Thesaurus
146,932,NCI_Thesaurus
932,933,NCI_Thesaurus
932,934,NCI_Thesaurus
932,935,NCI_Thesaurus
935,936,NCI_Thesaurus
935,937,NCI_Thesaurus
932,938,NCI_Thesaurus
938,939,NCI_Thesaurus
939,940,NCI_Thesaurus
939,941,NCI_Thesaurus
938,942,NCI_Thesaurus
942,943,NCI_Thesaurus
943,944,NCI_Thesaurus
943,945,NCI_Thesaurus
943,946,NCI_Thesaurus
943,947,NCI_Thesaurus
942,948,NCI_Thesaurus
948,949,NCI_Thesaurus
948,950,NCI_Thesaurus
942,951,NCI_Thesaurus
942,952,NCI_Thesaurus
942,953,NCI_Thesaurus
146,954,NCI_Thesaurus
146,955,NCI_Thesaurus
146,956,NCI_Thesaurus
146,957,NCI_Thesaurus
957,958,NCI_Thesaurus
146,959,NCI_Thesaurus
959,960,NCI_Thesaurus
959,961,NCI_Thesaurus
146,962,NCI_Thesaurus
146,963,NCI_Thesaurus
963,964,NCI_Thesaurus
963,965,NCI_Thesaurus
146,966,NCI_Thesaurus
966,967,NCI_Thesaurus
966,968,NCI_Thesaurus
966,969,NCI_Thesaurus
966,970,NCI_Thesaurus
966,971,NCI_Thesaurus
966,972,NCI_Thesaurus
966,973,NCI_Thesaurus
146,974,NCI_Thesaurus
974,975,NCI_Thesaurus
974,976,NCI_Thesaurus
974,977,NCI_Thesaurus
974,978,NCI_Thesaurus
974,979,NCI_Thesaurus
974,980,NCI_Thesaurus
974,981,NCI_Thesaurus
974,982,NCI_Thesaurus
982,983,NCI_Thesaurus
982,984,NCI_Thesaurus
974,985,NCI_Thesaurus
146,986,NCI_Thesaurus
146,987,NCI_Thesaurus
987,988,NCI_Thesaurus
987,989,NCI_Thesaurus
989,990,NCI_Thesaurus
989,991,NCI_Thesaurus
989,992,NCI_Thesaurus
987,993,NCI_Thesaurus
987,994,NCI_Thesaurus
987,995,NCI_Thesaurus
987,996,NCI_Thesaurus
146,997,NCI_Thesaurus
997,998,NCI_Thesaurus
146,999,NCI_Thesaurus
999,1000,NCI_Thesaurus
999,1001,NCI_Thesaurus
1001,1002,NCI_Thesaurus
1001,1003,NCI_Thesaurus
1001,1004,NCI_Thesaurus
999,1005,NCI_Thesaurus
999,1006,NCI_Thesaurus
999,1007,NCI_Thesaurus
999,1008,NCI_Thesaurus
146,1009,NCI_Thesaurus
1009,1010,NCI_Thesaurus
1009,1011,NCI_Thesaurus
1009,1012,NCI_Thesaurus
146,1013,NCI_Thesaurus
1013,1014,NCI_Thesaurus
146,1015,NCI_Thesaurus
1015,1016,NCI_Thesaurus
1015,1017,NCI_Thesaurus
146,1018,NCI_Thesaurus
1018,806,NCI_Thesaurus
1018,807,NCI_Thesaurus
807,808,NCI_Thesaurus
807,809,NCI_Thesaurus
807,810,NCI_Thesaurus
807,811,NCI_Thesaurus
807,812,NCI_Thesaurus
1018,813,NCI_Thesaurus
1018,1019,NCI_Thesaurus
1018,1020,NCI_Thesaurus
1018,1021,NCI_Thesaurus
1021,1022,NCI_Thesaurus
1021,1023,NCI_Thesaurus
1018,1024,NCI_Thesaurus
1024,1025,NCI_Thesaurus
1024,1026,NCI_Thesaurus
146,1027,NCI_Thesaurus
1027,1028,NCI_Thesaurus
1027,1029,NCI_Thesaurus
1027,1030,NCI_Thesaurus
1030,1031,NCI_Thesaurus
1030,1032,NCI_Thesaurus
1027,1033,NCI_Thesaurus
1027,1034,NCI_Thesaurus
146,1035,NCI_Thesaurus
146,1036,NCI_Thesaurus
146,1037,NCI_Thesaurus
146,1038,NCI_Thesaurus
1038,1039,NCI_Thesaurus
1038,1040,NCI_Thesaurus
1038,998,NCI_Thesaurus
1038,1041,NCI_Thesaurus
146,1042,NCI_Thesaurus
1042,1043,NCI_Thesaurus
1042,1044,NCI_Thesaurus
1044,1045,NCI_Thesaurus
146,1046,NCI_Thesaurus
146,1047,NCI_Thesaurus
1047,1048,NCI_Thesaurus
1047,1049,NCI_Thesaurus
1047,1050,NCI_Thesaurus
146,1051,NCI_Thesaurus
146,1052,NCI_Thesaurus
1052,1053,NCI_Thesaurus
1052,1054,NCI_Thesaurus
1052,1055,NCI_Thesaurus
1052,1056,NCI_Thesaurus
1052,1057,NCI_Thesaurus
1052,1058,NCI_Thesaurus
1052,1059,NCI_Thesaurus
1052,1060,NCI_Thesaurus
1052,1061,NCI_Thesaurus
1052,1062,NCI_Thesaurus
146,1063,NCI_Thesaurus
1063,1064,NCI_Thesaurus
1063,1065,NCI_Thesaurus
1063,1066,NCI_Thesaurus
146,1067,NCI_Thesaurus
1067,1068,NCI_Thesaurus
1068,1069,NCI_Thesaurus
1068,1070,NCI_Thesaurus
1067,1071,NCI_Thesaurus
1071,1072,NCI_Thesaurus
1071,1073,NCI_Thesaurus
1071,1074,NCI_Thesaurus
1071,1075,NCI_Thesaurus
1071,1076,NCI_Thesaurus
1071,1077,NCI_Thesaurus
1071,1078,NCI_Thesaurus
1067,1079,NCI_Thesaurus
1079,1080,NCI_Thesaurus
1080,1081,NCI_Thesaurus
1079,1082,NCI_Thesaurus
1082,1083,NCI_Thesaurus
1082,1081,NCI_Thesaurus
1067,722,NCI_Thesaurus
722,723,NCI_Thesaurus
722,724,NCI_Thesaurus
1067,1084,NCI_Thesaurus
1084,1085,NCI_Thesaurus
1067,1086,NCI_Thesaurus
1067,1087,NCI_Thesaurus
1087,1088,NCI_Thesaurus
1087,1089,NCI_Thesaurus
1087,1090,NCI_Thesaurus
1087,1091,NCI_Thesaurus
1087,1092,NCI_Thesaurus
1087,1093,NCI_Thesaurus
1087,1094,NCI_Thesaurus
1067,1095,NCI_Thesaurus
1095,1096,NCI_Thesaurus
1095,1097,NCI_Thesaurus
1095,1098,NCI_Thesaurus
1095,1099,NCI_Thesaurus
1095,1100,NCI_Thesaurus
1067,1101,NCI_Thesaurus
1067,1102,NCI_Thesaurus
1102,1103,NCI_Thesaurus
1102,1104,NCI_Thesaurus
1102,1105,NCI_Thesaurus
1105,1106,NCI_Thesaurus
1102,1107,NCI_Thesaurus
1107,1108,NCI_Thesaurus
1067,1109,NCI_Thesaurus
1109,1110,NCI_Thesaurus
1109,1111,NCI_Thesaurus
1109,1112,NCI_Thesaurus
1112,1113,NCI_Thesaurus
1113,1114,NCI_Thesaurus
1113,1115,NCI_Thesaurus
1113,1116,NCI_Thesaurus
1109,1117,NCI_Thesaurus
1117,1118,NCI_Thesaurus
1117,1119,NCI_Thesaurus
1067,1120,NCI_Thesaurus
1067,1121,NCI_Thesaurus
1121,1122,NCI_Thesaurus
1121,1123,NCI_Thesaurus
1121,1124,NCI_Thesaurus
1121,1125,NCI_Thesaurus
1121,1126,NCI_Thesaurus
1121,1127,NCI_Thesaurus
1121,1128,NCI_Thesaurus
1128,1129,NCI_Thesaurus
1128,1130,NCI_Thesaurus
1067,1131,NCI_Thesaurus
1067,1132,NCI_Thesaurus
146,1133,NCI_Thesaurus
1133,815,NCI_Thesaurus
1133,902,NCI_Thesaurus
146,1134,NCI_Thesaurus
1134,1135,NCI_Thesaurus
1134,817,NCI_Thesaurus
1134,1136,NCI_Thesaurus
1134,1137,NCI_Thesaurus
146,1138,NCI_Thesaurus
1138,756,NCI_Thesaurus
1138,905,NCI_Thesaurus
146,1139,NCI_Thesaurus
1139,366,NCI_Thesaurus
1139,396,NCI_Thesaurus
1139,1140,NCI_Thesaurus
1139,1141,NCI_Thesaurus
1139,601,NCI_Thesaurus
1139,602,NCI_Thesaurus
1139,667,NCI_Thesaurus
1139,649,NCI_Thesaurus
1139,630,NCI_Thesaurus
1139,660,NCI_Thesaurus
1139,676,NCI_Thesaurus
146,1142,NCI_Thesaurus
1142,1143,NCI_Thesaurus
1143,1144,NCI_Thesaurus
1143,1145,NCI_Thesaurus
1143,1146,NCI_Thesaurus
1143,1147,NCI_Thesaurus
1143,1148,NCI_Thesaurus
1143,1149,NCI_Thesaurus
1143,1150,NCI_Thesaurus
1143,1151,NCI_Thesaurus
1152,1153,NCI_Thesaurus
1152,1154,NCI_Thesaurus
1152,1155,NCI_Thesaurus
1152,1156,NCI_Thesaurus
1156,1157,NCI_Thesaurus
1157,1158,NCI_Thesaurus
1157,1159,NCI_Thesaurus
1157,868,NCI_Thesaurus
1156,1160,NCI_Thesaurus
1152,1161,NCI_Thesaurus
1161,1162,NCI_Thesaurus
1152,1163,NCI_Thesaurus
1163,1164,NCI_Thesaurus
1164,1165,NCI_Thesaurus
1165,939,NCI_Thesaurus
939,940,NCI_Thesaurus
939,941,NCI_Thesaurus
1165,1166,NCI_Thesaurus
1165,1167,NCI_Thesaurus
1167,1168,NCI_Thesaurus
1168,1169,NCI_Thesaurus
1167,1170,NCI_Thesaurus
1167,1171,NCI_Thesaurus
1167,1172,NCI_Thesaurus
1172,1169,NCI_Thesaurus
1167,1173,NCI_Thesaurus
1165,1174,NCI_Thesaurus
1165,1175,NCI_Thesaurus
1165,1176,NCI_Thesaurus
1165,1177,NCI_Thesaurus
1165,1178,NCI_Thesaurus
1165,1179,NCI_Thesaurus
1164,1180,NCI_Thesaurus
1164,938,NCI_Thesaurus
938,939,NCI_Thesaurus
939,940,NCI_Thesaurus
939,941,NCI_Thesaurus
938,942,NCI_Thesaurus
942,943,NCI_Thesaurus
943,944,NCI_Thesaurus
943,945,NCI_Thesaurus
943,946,NCI_Thesaurus
943,947,NCI_Thesaurus
942,948,NCI_Thesaurus
948,949,NCI_Thesaurus
948,950,NCI_Thesaurus
942,951,NCI_Thesaurus
942,952,NCI_Thesaurus
942,953,NCI_Thesaurus
1164,1181,NCI_Thesaurus
1181,1167,NCI_Thesaurus
1167,1168,NCI_Thesaurus
1168,1169,NCI_Thesaurus
1167,1170,NCI_Thesaurus
1167,1171,NCI_Thesaurus
1167,1172,NCI_Thesaurus
1172,1169,NCI_Thesaurus
1167,1173,NCI_Thesaurus
1181,1175,NCI_Thesaurus
1181,1178,NCI_Thesaurus
1163,1064,NCI_Thesaurus
1163,1182,NCI_Thesaurus
1182,732,NCI_Thesaurus
1182,1028,NCI_Thesaurus
1182,1183,NCI_Thesaurus
1182,1184,NCI_Thesaurus
1182,1185,NCI_Thesaurus
1182,694,NCI_Thesaurus
1182,471,NCI_Thesaurus
1182,1186,NCI_Thesaurus
1182,1187,NCI_Thesaurus
1182,1188,NCI_Thesaurus
1182,737,NCI_Thesaurus
1182,974,NCI_Thesaurus
974,975,NCI_Thesaurus
974,976,NCI_Thesaurus
974,977,NCI_Thesaurus
974,978,NCI_Thesaurus
974,979,NCI_Thesaurus
974,980,NCI_Thesaurus
974,981,NCI_Thesaurus
974,982,NCI_Thesaurus
982,983,NCI_Thesaurus
982,984,NCI_Thesaurus
974,985,NCI_Thesaurus
1182,1189,NCI_Thesaurus
1182,1190,NCI_Thesaurus
1190,1191,NCI_Thesaurus
1190,1037,NCI_Thesaurus
1190,1192,NCI_Thesaurus
1182,104,NCI_Thesaurus
104,105,NCI_Thesaurus
104,106,NCI_Thesaurus
104,107,NCI_Thesaurus
104,108,NCI_Thesaurus
108,109,NCI_Thesaurus
108,110,NCI_Thesaurus
104,111,NCI_Thesaurus
104,112,NCI_Thesaurus
104,113,NCI_Thesaurus
104,114,NCI_Thesaurus
114,115,NCI_Thesaurus
104,116,NCI_Thesaurus
104,117,NCI_Thesaurus
104,118,NCI_Thesaurus
104,119,NCI_Thesaurus
104,120,NCI_Thesaurus
1182,324,NCI_Thesaurus
324,325,NCI_Thesaurus
324,326,NCI_Thesaurus
324,327,NCI_Thesaurus
324,328,NCI_Thesaurus
1182,1193,NCI_Thesaurus
1182,695,NCI_Thesaurus
1163,693,NCI_Thesaurus
693,694,NCI_Thesaurus
693,695,NCI_Thesaurus
1163,1194,NCI_Thesaurus
1194,1184,NCI_Thesaurus
1163,1195,NCI_Thesaurus
1195,1196,NCI_Thesaurus
1195,1197,NCI_Thesaurus
1195,696,NCI_Thesaurus
696,697,NCI_Thesaurus
1195,1198,NCI_Thesaurus
1198,697,NCI_Thesaurus
1163,1199,NCI_Thesaurus
1163,719,NCI_Thesaurus
1163,1200,NCI_Thesaurus
1200,933,NCI_Thesaurus
1200,1201,NCI_Thesaurus
1201,1202,NCI_Thesaurus
1201,1203,NCI_Thesaurus
1201,1204,NCI_Thesaurus
1201,1205,NCI_Thesaurus
1200,1206,NCI_Thesaurus
1200,1207,NCI_Thesaurus
1200,1208,NCI_Thesaurus
1163,1209,NCI_Thesaurus
1163,1210,NCI_Thesaurus
1163,1211,NCI_Thesaurus
1163,932,NCI_Thesaurus
932,933,NCI_Thesaurus
932,934,NCI_Thesaurus
932,935,NCI_Thesaurus
935,936,NCI_Thesaurus
935,937,NCI_Thesaurus
932,938,NCI_Thesaurus
938,939,NCI_Thesaurus
939,940,NCI_Thesaurus
939,941,NCI_Thesaurus
938,942,NCI_Thesaurus
942,943,NCI_Thesaurus
943,944,NCI_Thesaurus
943,945,NCI_Thesaurus
943,946,NCI_Thesaurus
943,947,NCI_Thesaurus
942,948,NCI_Thesaurus
948,949,NCI_Thesaurus
948,950,NCI_Thesaurus
942,951,NCI_Thesaurus
942,952,NCI_Thesaurus
942,953,NCI_Thesaurus
1163,986,NCI_Thesaurus
1163,1212,NCI_Thesaurus
1212,1213,NCI_Thesaurus
1213,1214,NCI_Thesaurus
1213,1215,NCI_Thesaurus
1213,1216,NCI_Thesaurus
1213,1217,NCI_Thesaurus
1213,1218,NCI_Thesaurus
1213,1219,NCI_Thesaurus
1213,1220,NCI_Thesaurus
1213,1221,NCI_Thesaurus
1212,1222,NCI_Thesaurus
1222,1223,NCI_Thesaurus
1222,1224,NCI_Thesaurus
1222,1225,NCI_Thesaurus
1212,1226,NCI_Thesaurus
1226,151,NCI_Thesaurus
1226,1227,NCI_Thesaurus
1226,1228,NCI_Thesaurus
1163,1229,NCI_Thesaurus
1229,934,NCI_Thesaurus
1229,1230,NCI_Thesaurus
1229,1231,NCI_Thesaurus
1229,1232,NCI_Thesaurus
1163,1233,NCI_Thesaurus
1233,935,NCI_Thesaurus
935,936,NCI_Thesaurus
935,937,NCI_Thesaurus
1233,1234,NCI_Thesaurus
1234,1235,NCI_Thesaurus
1234,1236,NCI_Thesaurus
1163,1237,NCI_Thesaurus
1163,701,NCI_Thesaurus
1163,1238,NCI_Thesaurus
1163,1239,NCI_Thesaurus
1239,1179,NCI_Thesaurus
1152,1240,NCI_Thesaurus
1152,1241,NCI_Thesaurus
1152,1242,NCI_Thesaurus
1152,1243,NCI_Thesaurus
1243,6,NCI_Thesaurus
1243,9,NCI_Thesaurus
1243,29,NCI_Thesaurus
1243,1244,NCI_Thesaurus
1244,1245,NCI_Thesaurus
1245,1246,NCI_Thesaurus
1245,1247,NCI_Thesaurus
1245,1248,NCI_Thesaurus
1245,1249,NCI_Thesaurus
1245,48,NCI_Thesaurus
1245,51,NCI_Thesaurus
1245,1250,NCI_Thesaurus
1244,1251,NCI_Thesaurus
1244,1252,NCI_Thesaurus
1244,1253,NCI_Thesaurus
1253,1246,NCI_Thesaurus
1253,1254,NCI_Thesaurus
1244,1255,NCI_Thesaurus
1255,1248,NCI_Thesaurus
1255,1256,NCI_Thesaurus
1244,1257,NCI_Thesaurus
1257,1249,NCI_Thesaurus
1257,1258,NCI_Thesaurus
1244,47,NCI_Thesaurus
47,48,NCI_Thesaurus
47,49,NCI_Thesaurus
1244,50,NCI_Thesaurus
50,51,NCI_Thesaurus
50,52,NCI_Thesaurus
1244,1259,NCI_Thesaurus
1259,1250,NCI_Thesaurus
1259,1260,NCI_Thesaurus
1244,1261,NCI_Thesaurus
1261,1254,NCI_Thesaurus
1261,1262,NCI_Thesaurus
1261,1256,NCI_Thesaurus
1261,1258,NCI_Thesaurus
1261,49,NCI_Thesaurus
1261,52,NCI_Thesaurus
1261,1260,NCI_Thesaurus
1243,1263,NCI_Thesaurus
1243,57,NCI_Thesaurus
1243,59,NCI_Thesaurus
1152,1264,NCI_Thesaurus
1152,1265,NCI_Thesaurus
1265,1266,NCI_Thesaurus
1265,1267,NCI_Thesaurus
1265,1101,NCI_Thesaurus
1152,1268,NCI_Thesaurus
1268,1269,NCI_Thesaurus
1269,1270,NCI_Thesaurus
1269,27,NCI_Thesaurus
1268,1271,NCI_Thesaurus
1271,1270,NCI_Thesaurus
1271,1272,NCI_Thesaurus
1268,1273,NCI_Thesaurus
1273,1274,NCI_Thesaurus
1273,1275,NCI_Thesaurus
1273,1276,NCI_Thesaurus
1273,1277,NCI_Thesaurus
1273,1272,NCI_Thesaurus
1273,957,NCI_Thesaurus
957,958,NCI_Thesaurus
1273,963,NCI_Thesaurus
963,964,NCI_Thesaurus
963,965,NCI_Thesaurus
1273,1278,NCI_Thesaurus
1273,1051,NCI_Thesaurus
1273,1279,NCI_Thesaurus
1279,965,NCI_Thesaurus
1273,1280,NCI_Thesaurus
1268,1281,NCI_Thesaurus
1281,27,NCI_Thesaurus
1281,957,NCI_Thesaurus
957,958,NCI_Thesaurus
1268,1282,NCI_Thesaurus
1282,1283,NCI_Thesaurus
1282,1284,NCI_Thesaurus
1268,1285,NCI_Thesaurus
1285,963,NCI_Thesaurus
963,964,NCI_Thesaurus
963,965,NCI_Thesaurus
1152,1286,NCI_Thesaurus
1152,1287,NCI_Thesaurus
1287,1288,NCI_Thesaurus
1287,1289,NCI_Thesaurus
1289,956,NCI_Thesaurus
1287,1290,NCI_Thesaurus
1290,962,NCI_Thesaurus
1152,1291,NCI_Thesaurus
1291,1292,NCI_Thesaurus
1292,1293,NCI_Thesaurus
1291,1164,NCI_Thesaurus
1164,1165,NCI_Thesaurus
1165,939,NCI_Thesaurus
939,940,NCI_Thesaurus
939,941,NCI_Thesaurus
1165,1166,NCI_Thesaurus
1165,1167,NCI_Thesaurus
1167,1168,NCI_Thesaurus
1168,1169,NCI_Thesaurus
1167,1170,NCI_Thesaurus
1167,1171,NCI_Thesaurus
1167,1172,NCI_Thesaurus
1172,1169,NCI_Thesaurus
1167,1173,NCI_Thesaurus
1165,1174,NCI_Thesaurus
1165,1175,NCI_Thesaurus
1165,1176,NCI_Thesaurus
1165,1177,NCI_Thesaurus
1165,1178,NCI_Thesaurus
1165,1179,NCI_Thesaurus
1164,1180,NCI_Thesaurus
1164,938,NCI_Thesaurus
938,939,NCI_Thesaurus
939,940,NCI_Thesaurus
939,941,NCI_Thesaurus
938,942,NCI_Thesaurus
942,943,NCI_Thesaurus
943,944,NCI_Thesaurus
943,945,NCI_Thesaurus
943,946,NCI_Thesaurus
943,947,NCI_Thesaurus
942,948,NCI_Thesaurus
948,949,NCI_Thesaurus
948,950,NCI_Thesaurus
942,951,NCI_Thesaurus
942,952,NCI_Thesaurus
942,953,NCI_Thesaurus
1164,1181,NCI_Thesaurus
1181,1167,NCI_Thesaurus
1167,1168,NCI_Thesaurus
1168,1169,NCI_Thesaurus
1167,1170,NCI_Thesaurus
1167,1171,NCI_Thesaurus
1167,1172,NCI_Thesaurus
1172,1169,NCI_Thesaurus
1167,1173,NCI_Thesaurus
1181,1175,NCI_Thesaurus
1181,1178,NCI_Thesaurus
1291,1294,NCI_Thesaurus
1294,939,NCI_Thesaurus
939,940,NCI_Thesaurus
939,941,NCI_Thesaurus
1294,935,NCI_Thesaurus
935,936,NCI_Thesaurus
935,937,NCI_Thesaurus
1294,1167,NCI_Thesaurus
1167,1168,NCI_Thesaurus
1168,1169,NCI_Thesaurus
1167,1170,NCI_Thesaurus
1167,1171,NCI_Thesaurus
1167,1172,NCI_Thesaurus
1172,1169,NCI_Thesaurus
1167,1173,NCI_Thesaurus
1294,942,NCI_Thesaurus
942,943,NCI_Thesaurus
943,944,NCI_Thesaurus
943,945,NCI_Thesaurus
943,946,NCI_Thesaurus
943,947,NCI_Thesaurus
942,948,NCI_Thesaurus
948,949,NCI_Thesaurus
948,950,NCI_Thesaurus
942,951,NCI_Thesaurus
942,952,NCI_Thesaurus
942,953,NCI_Thesaurus
1294,737,NCI_Thesaurus
1294,1229,NCI_Thesaurus
1229,934,NCI_Thesaurus
1229,1230,NCI_Thesaurus
1229,1231,NCI_Thesaurus
1229,1232,NCI_Thesaurus
1294,1234,NCI_Thesaurus
1234,1235,NCI_Thesaurus
1234,1236,NCI_Thesaurus
1291,1200,NCI_Thesaurus
1200,933,NCI_Thesaurus
1200,1201,NCI_Thesaurus
1201,1202,NCI_Thesaurus
1201,1203,NCI_Thesaurus
1201,1204,NCI_Thesaurus
1201,1205,NCI_Thesaurus
1200,1206,NCI_Thesaurus
1200,1207,NCI_Thesaurus
1200,1208,NCI_Thesaurus
1291,932,NCI_Thesaurus
932,933,NCI_Thesaurus
932,934,NCI_Thesaurus
932,935,NCI_Thesaurus
935,936,NCI_Thesaurus
935,937,NCI_Thesaurus
932,938,NCI_Thesaurus
938,939,NCI_Thesaurus
939,940,NCI_Thesaurus
939,941,NCI_Thesaurus
938,942,NCI_Thesaurus
942,943,NCI_Thesaurus
943,944,NCI_Thesaurus
943,945,NCI_Thesaurus
943,946,NCI_Thesaurus
943,947,NCI_Thesaurus
942,948,NCI_Thesaurus
948,949,NCI_Thesaurus
948,950,NCI_Thesaurus
942,951,NCI_Thesaurus
942,952,NCI_Thesaurus
942,953,NCI_Thesaurus
1291,1233,NCI_Thesaurus
1233,935,NCI_Thesaurus
935,936,NCI_Thesaurus
935,937,NCI_Thesaurus
1233,1234,NCI_Thesaurus
1234,1235,NCI_Thesaurus
1234,1236,NCI_Thesaurus
1291,1239,NCI_Thesaurus
1239,1179,NCI_Thesaurus
1152,1295,NCI_Thesaurus
1295,15,NCI_Thesaurus
1295,954,NCI_Thesaurus
1152,1296,NCI_Thesaurus
1296,1297,NCI_Thesaurus
1296,1298,NCI_Thesaurus
1152,1299,NCI_Thesaurus
1299,1194,NCI_Thesaurus
1194,1184,NCI_Thesaurus
1299,1300,NCI_Thesaurus
1152,1301,NCI_Thesaurus
1301,1302,NCI_Thesaurus
1301,720,NCI_Thesaurus
1301,1303,NCI_Thesaurus
1301,1304,NCI_Thesaurus
1301,1305,NCI_Thesaurus
1301,1306,NCI_Thesaurus
1152,1307,NCI_Thesaurus
1307,1308,NCI_Thesaurus
1307,1309,NCI_Thesaurus
1307,1310,NCI_Thesaurus
1307,1311,NCI_Thesaurus
1307,1312,NCI_Thesaurus
1307,1313,NCI_Thesaurus
1307,1314,NCI_Thesaurus
1307,1315,NCI_Thesaurus
1315,1316,NCI_Thesaurus
1315,1317,NCI_Thesaurus
1315,1318,NCI_Thesaurus
1307,1319,NCI_Thesaurus
1152,1320,NCI_Thesaurus
1152,1321,NCI_Thesaurus
1152,1322,NCI_Thesaurus
1322,1323,NCI_Thesaurus
1322,1324,NCI_Thesaurus
1324,152,NCI_Thesaurus
1324,1325,NCI_Thesaurus
1325,1326,NCI_Thesaurus
1325,1327,NCI_Thesaurus
1325,1328,NCI_Thesaurus
1325,1329,NCI_Thesaurus
1324,1035,NCI_Thesaurus
1324,1036,NCI_Thesaurus
1324,1046,NCI_Thesaurus
1322,1330,NCI_Thesaurus
1330,1331,NCI_Thesaurus
1322,1332,NCI_Thesaurus
1332,1333,NCI_Thesaurus
1332,1334,NCI_Thesaurus
1152,1335,NCI_Thesaurus
1335,1336,NCI_Thesaurus
1152,1337,NCI_Thesaurus
1337,1338,NCI_Thesaurus
1337,1339,NCI_Thesaurus
1339,1340,NCI_Thesaurus
1339,1341,NCI_Thesaurus
1339,1342,NCI_Thesaurus
1337,1343,NCI_Thesaurus
1337,1344,NCI_Thesaurus
1337,1345,NCI_Thesaurus
1337,1346,NCI_Thesaurus
1346,1347,NCI_Thesaurus
1346,1348,NCI_Thesaurus
1337,1349,NCI_Thesaurus
1349,1350,NCI_Thesaurus
1349,1351,NCI_Thesaurus
1349,1352,NCI_Thesaurus
1337,1353,NCI_Thesaurus
1337,1354,NCI_Thesaurus
1337,1355,NCI_Thesaurus
1355,1356,NCI_Thesaurus
1355,1357,NCI_Thesaurus
1152,1358,NCI_Thesaurus
1358,834,NCI_Thesaurus
1358,997,NCI_Thesaurus
997,998,NCI_Thesaurus
1358,1160,NCI_Thesaurus
1152,1359,NCI_Thesaurus
1359,1360,NCI_Thesaurus
1360,1361,NCI_Thesaurus
1360,1362,NCI_Thesaurus
1360,1140,NCI_Thesaurus
1359,717,NCI_Thesaurus
717,718,NCI_Thesaurus
1359,621,NCI_Thesaurus
621,599,NCI_Thesaurus
599,597,NCI_Thesaurus
599,600,NCI_Thesaurus
599,601,NCI_Thesaurus
621,622,NCI_Thesaurus
621,623,NCI_Thesaurus
621,624,NCI_Thesaurus
621,625,NCI_Thesaurus
621,626,NCI_Thesaurus
626,600,NCI_Thesaurus
626,627,NCI_Thesaurus
621,628,NCI_Thesaurus
628,409,NCI_Thesaurus
628,435,NCI_Thesaurus
628,465,NCI_Thesaurus
628,477,NCI_Thesaurus
477,474,NCI_Thesaurus
477,478,NCI_Thesaurus
628,486,NCI_Thesaurus
628,492,NCI_Thesaurus
628,507,NCI_Thesaurus
628,510,NCI_Thesaurus
628,627,NCI_Thesaurus
628,579,NCI_Thesaurus
628,571,NCI_Thesaurus
571,561,NCI_Thesaurus
628,618,NCI_Thesaurus
628,629,NCI_Thesaurus
628,630,NCI_Thesaurus
621,552,NCI_Thesaurus
552,553,NCI_Thesaurus
552,554,NCI_Thesaurus
1359,1363,NCI_Thesaurus
1363,1364,NCI_Thesaurus
1363,1365,NCI_Thesaurus
1363,1366,NCI_Thesaurus
1363,1367,NCI_Thesaurus
1363,1368,NCI_Thesaurus
1363,718,NCI_Thesaurus
1363,1369,NCI_Thesaurus
1359,1370,NCI_Thesaurus
1370,1371,NCI_Thesaurus
1371,10,NCI_Thesaurus
1371,931,NCI_Thesaurus
1152,1372,NCI_Thesaurus
1372,1373,NCI_Thesaurus
1373,11,NCI_Thesaurus
1373,28,NCI_Thesaurus
1372,1374,NCI_Thesaurus
1374,1375,NCI_Thesaurus
1372,1376,NCI_Thesaurus
1376,11,NCI_Thesaurus
1376,1375,NCI_Thesaurus
1376,960,NCI_Thesaurus
1372,959,NCI_Thesaurus
959,960,NCI_Thesaurus
959,961,NCI_Thesaurus
1372,1377,NCI_Thesaurus
1377,28,NCI_Thesaurus
1377,961,NCI_Thesaurus
1152,1378,NCI_Thesaurus
1152,1379,NCI_Thesaurus
1152,1380,NCI_Thesaurus
1152,1381,NCI_Thesaurus
1381,1195,NCI_Thesaurus
1195,1196,NCI_Thesaurus
1195,1197,NCI_Thesaurus
1195,696,NCI_Thesaurus
696,697,NCI_Thesaurus
1195,1198,NCI_Thesaurus
1198,697,NCI_Thesaurus
1381,1382,NCI_Thesaurus
1382,696,NCI_Thesaurus
696,697,NCI_Thesaurus
1152,1383,NCI_Thesaurus
1152,1384,NCI_Thesaurus
1384,1385,NCI_Thesaurus
1385,1386,NCI_Thesaurus
1385,1387,NCI_Thesaurus
1385,1388,NCI_Thesaurus
1152,1389,NCI_Thesaurus
1389,1390,NCI_Thesaurus
1389,966,NCI_Thesaurus
966,967,NCI_Thesaurus
966,968,NCI_Thesaurus
966,969,NCI_Thesaurus
966,970,NCI_Thesaurus
966,971,NCI_Thesaurus
966,972,NCI_Thesaurus
966,973,NCI_Thesaurus
1389,1391,NCI_Thesaurus
1391,968,NCI_Thesaurus
1389,1392,NCI_Thesaurus
1392,969,NCI_Thesaurus
1389,1393,NCI_Thesaurus
1393,1394,NCI_Thesaurus
1394,970,NCI_Thesaurus
1393,1395,NCI_Thesaurus
1395,971,NCI_Thesaurus
1393,973,NCI_Thesaurus
1152,1396,NCI_Thesaurus
1396,1397,NCI_Thesaurus
1397,736,NCI_Thesaurus
1397,958,NCI_Thesaurus
1397,1051,NCI_Thesaurus
1397,964,NCI_Thesaurus
1396,1398,NCI_Thesaurus
1398,736,NCI_Thesaurus
